product_id,url_hash,source,scraped_at,product_name,product_url,short_description,full_description,category,text_for_labeling,seamless,fabric_softness,wool_present,texture_level,pressure_level,adaptive_or_sensory_claim,seamless_evidence,fabric_softness_evidence,wool_evidence,texture_evidence,pressure_evidence,adaptive_claim_evidence,labeler,label_status,review_notes
1,a5debd253afe,sensoryfair.com,,"Abby & Noah Sensory Compression Vest for Women & Men | Autism Sensory Products for Kids | Soft & Wearable Hug for Sensory Seeking | ADHD Calming Vest Black, Adult Medium",https://sensoryfair.com/product/abby-noah-sensory-compression-vest-for-women-men-autism-sensory-products-for-kids-soft-wearable-hug-for-sensory-seeking-adhd-calming-vest-black-adult-medium/,"Therapist-Designed Compression Hug: Our “wearable hug” provides comforting, hug-like sensory input ideal for adults and children with ADHD, Anxiety, Autism, or Sensory Processing Disorder. Its unique design provides calming, adjustable compression. Unlike bulky weighted blankets or Hugs, our compression Hug offers a snug, comfortable fit that feels like a hug, helping to calm and soothe. Designed to help manage sensory needs, it’s your cozy companion for school, work and everyday adventures. Move Freely: Ideal for managing ADHD, anxiety, autism, and sensory processing disorder, and it is designed to let you move naturally, so you or your child can play, learn, and explore while staying cool and relaxed. It’s sensory support that keeps up with your busy life! Adjustable Compression: With heavy-duty straps, you can customize the compression level to suit your needs, making it ideal for anyone seeking deep-pressure therapy. It’s all about finding your perfect fit.","Therapist-Designed Compression Hug: Our “wearable hug” provides comforting, hug-like sensory input ideal for adults and children with ADHD, Anxiety, Autism, or Sensory Processing Disorder. Its unique design provides calming, adjustable compression. Unlike bulky weighted blankets or Hugs, our compression Hug offers a snug, comfortable fit that feels like a hug, helping to calm and soothe. Designed to help manage sensory needs, it’s your cozy companion for school, work and everyday adventures. Move Freely: Ideal for managing ADHD, anxiety, autism, and sensory processing disorder, and it is designed to let you move naturally, so you or your child can play, learn, and explore while staying cool and relaxed. It’s sensory support that keeps up with your busy life! Adjustable Compression: With heavy-duty straps, you can customize the compression level to suit your needs, making it ideal for anyone seeking deep-pressure therapy. It’s all about finding your perfect fit. Durable and Easy to Care For: Built to last with reinforced seams also it’s machine washable, so you can keep it clean and fresh. Take It Anywhere: Our compression Hug is lightweight and portable; suitable for various activities; wear it at home, in school, on a long car ride, or during therapy sessions, and it is perfect for on-the-go use.",,"product_name: Abby & Noah Sensory Compression Vest for Women & Men | Autism Sensory Products for Kids | Soft & Wearable Hug for Sensory Seeking | ADHD Calming Vest Black, Adult Medium
short_description: Therapist-Designed Compression Hug: Our “wearable hug” provides comforting, hug-like sensory input ideal for adults and children with ADHD, Anxiety, Autism, or Sensory Processing Disorder. Its unique design provides calming, adjustable compression. Unlike bulky weighted blankets or Hugs, our compression Hug offers a snug, comfortable fit that feels like a hug, helping to calm and soothe. Designed to help manage sensory needs, it’s your cozy companion for school, work and everyday adventures. Move Freely: Ideal for managing ADHD, anxiety, autism, and sensory processing disorder, and it is designed to let you move naturally, so you or your child can play, learn, and explore while staying cool and relaxed. It’s sensory support that keeps up with your busy life! Adjustable Compression: With heavy-duty straps, you can customize the compression level to suit your needs, making it ideal for anyone seeking deep-pressure therapy. It’s all about finding your perfect fit.
full_description: Therapist-Designed Compression Hug: Our “wearable hug” provides comforting, hug-like sensory input ideal for adults and children with ADHD, Anxiety, Autism, or Sensory Processing Disorder. Its unique design provides calming, adjustable compression. Unlike bulky weighted blankets or Hugs, our compression Hug offers a snug, comfortable fit that feels like a hug, helping to calm and soothe. Designed to help manage sensory needs, it’s your cozy companion for school, work and everyday adventures. Move Freely: Ideal for managing ADHD, anxiety, autism, and sensory processing disorder, and it is designed to let you move naturally, so you or your child can play, learn, and explore while staying cool and relaxed. It’s sensory support that keeps up with your busy life! Adjustable Compression: With heavy-duty straps, you can customize the compression level to suit your needs, making it ideal for anyone seeking deep-pressure therapy. It’s all about finding your perfect fit. Durable and Easy to Care For: Built to last with reinforced seams also it’s machine washable, so you can keep it clean and fresh. Take It Anywhere: Our compression Hug is lightweight and portable; suitable for various activities; wear it at home, in school, on a long car ride, or during therapy sessions, and it is perfect for on-the-go use.",Unknown,Unknown,Unknown,Unknown,Unknown,Unknown,,,,,,,,unlabeled,
2,eae004a58e62,sensoryfair.com,,Snugabye Adaptive Back Zip Convert-A-Foot Sleeper | Designed for Special Needs | Sizes Range 2-14 Years,https://sensoryfair.com/product/adaptive-back-zip-convert-a-foot-sleeper-designed-for-special-needs-sizes-range-2-14-years/,,"This collection was designed with your special needs child in mind. Made from 100% polyester fleece, it is super soft and warm. The sleeper also features a back zipper, which we know helps when your child is uncomfortable in clothes. There is a zipper flap and outside tags, ensuring your little one can move worry and scratch free. The sleeper is also constructed with our convert-a-foot design, allowing for footless or footed style.",,"product_name: Snugabye Adaptive Back Zip Convert-A-Foot Sleeper | Designed for Special Needs | Sizes Range 2-14 Years
full_description: This collection was designed with your special needs child in mind. Made from 100% polyester fleece, it is super soft and warm. The sleeper also features a back zipper, which we know helps when your child is uncomfortable in clothes. There is a zipper flap and outside tags, ensuring your little one can move worry and scratch free. The sleeper is also constructed with our convert-a-foot design, allowing for footless or footed style.",Unknown,Unknown,Unknown,Unknown,Unknown,Unknown,,,,,,,,unlabeled,
3,e2520a1845e7,sensoryfair.com,,"CBObaby Adaptive Bodysuit, Short Sleeve, Front Snap Closure, Special Needs Children and Teens",https://sensoryfair.com/product/adaptive-bodysuit-short-sleeve-front-snap-closure-special-needs-children-and-teens/,,"Discover comfort and functionality with this innovative adaptive bodysuit from CBObaby. Thoughtfully designed for children and teens with special needs, this short-sleeve bodysuit features a full-length front snap closure that provides easy access for medical devices and daily care routines. The 100% cotton construction offers supreme softness and breathability, while the tagless design and flat seams minimize sensory irritation. Perfect for those who use feeding tubes or require frequent access to abdominal areas, this bodysuit allows dignified and comfortable wear without removing the entire garment. Available in inclusive sizes from 3 Month’s to 20 Years, it’s specifically created for older children who need adaptive clothing solutions. The stretchy, soft fabric ensures unrestricted movement while maintaining a secure fit throughout daily activities. This essential piece combines practicality with comfort, making it an ideal choice for children with various needs, including those with sensory sensitivities. The short sleeve design offers versatility across seasons, while the high-quality construction ensures durability through regular wear and care.",,"product_name: CBObaby Adaptive Bodysuit, Short Sleeve, Front Snap Closure, Special Needs Children and Teens
full_description: Discover comfort and functionality with this innovative adaptive bodysuit from CBObaby. Thoughtfully designed for children and teens with special needs, this short-sleeve bodysuit features a full-length front snap closure that provides easy access for medical devices and daily care routines. The 100% cotton construction offers supreme softness and breathability, while the tagless design and flat seams minimize sensory irritation. Perfect for those who use feeding tubes or require frequent access to abdominal areas, this bodysuit allows dignified and comfortable wear without removing the entire garment. Available in inclusive sizes from 3 Month’s to 20 Years, it’s specifically created for older children who need adaptive clothing solutions. The stretchy, soft fabric ensures unrestricted movement while maintaining a secure fit throughout daily activities. This essential piece combines practicality with comfort, making it an ideal choice for children with various needs, including those with sensory sensitivities. The short sleeve design offers versatility across seasons, while the high-quality construction ensures durability through regular wear and care.",Unknown,Unknown,Unknown,Unknown,Unknown,Unknown,,,,,,,,unlabeled,
4,f42c510b8579,sensoryfair.com,,EEOST Adaptive Clothing for Kids Special Needs Autism Sensory Jumpsuit Anti-Strip Romper with Back Zipper Sizes 3-16 Years,https://sensoryfair.com/product/adaptive-clothing-for-kids-special-needs-autism-sensory-jumpsuit-anti-strip-romper-with-back-zipper-sizes-3-16-years/,,,,product_name: EEOST Adaptive Clothing for Kids Special Needs Autism Sensory Jumpsuit Anti-Strip Romper with Back Zipper Sizes 3-16 Years,Unknown,Unknown,Unknown,Unknown,Unknown,Unknown,,,,,,,,unlabeled,
5,f8ca563284b7,sensoryfair.com,,Benefit Wear Anti-Strip Jumpsuit Clothing for Kids with Autism | One-Piece Autistic Children Clothing,https://sensoryfair.com/product/benefit-wear-anti-strip-jumpsuit-clothing-for-kids-with-autism-one-piece-autistic-children-clothing/,,"Are you searching for the perfect nightwear or daily wear for your Child with Special-Needs? The Anti-Strip Casual Jumpsuit for autistic children is just what you need to give your child. This jumpsuit has high-quality cotton/polyester blend knit fabric which is soft, non-itchy, and perfect for wearing all day. The jumpsuit allows your kids with autism to have a very comfortable wearing experience while also helping to regulate their body temperature. Your child can wear this jumper on its own, as an undergarment. The 3/4 length sleeves help to provide protection and warmth for your arms. This autism sensory Anti-Strip jumpsuit packs numerous features that help children with special needs the most. One of the most prominent features of this jumper is that it features a long back zipper that runs from the neckline down to the waist. This large opening helps parents and caregivers have the much-needed space to provide care for autistic children. The tab and snap closures at the back neckline make it more difficult for the kids with autism to open and remove. The jumpsuit for kids helps to eliminate and discourage undressing, self toileting, or diaper removal. These Anti-Strip jumpsuits are perfect for kids with autism, tactile sensitivity, or sensory issues. The unisex style design for boys and girls made as the jumpsuit are available in both masculine and feminine colors. Available Sizes: S(6-8), M(10-12), L(14-16), and XL(18)",,"product_name: Benefit Wear Anti-Strip Jumpsuit Clothing for Kids with Autism | One-Piece Autistic Children Clothing
full_description: Are you searching for the perfect nightwear or daily wear for your Child with Special-Needs? The Anti-Strip Casual Jumpsuit for autistic children is just what you need to give your child. This jumpsuit has high-quality cotton/polyester blend knit fabric which is soft, non-itchy, and perfect for wearing all day. The jumpsuit allows your kids with autism to have a very comfortable wearing experience while also helping to regulate their body temperature. Your child can wear this jumper on its own, as an undergarment. The 3/4 length sleeves help to provide protection and warmth for your arms. This autism sensory Anti-Strip jumpsuit packs numerous features that help children with special needs the most. One of the most prominent features of this jumper is that it features a long back zipper that runs from the neckline down to the waist. This large opening helps parents and caregivers have the much-needed space to provide care for autistic children. The tab and snap closures at the back neckline make it more difficult for the kids with autism to open and remove. The jumpsuit for kids helps to eliminate and discourage undressing, self toileting, or diaper removal. These Anti-Strip jumpsuits are perfect for kids with autism, tactile sensitivity, or sensory issues. The unisex style design for boys and girls made as the jumpsuit are available in both masculine and feminine colors. Available Sizes: S(6-8), M(10-12), L(14-16), and XL(18)",Unknown,Unknown,Unknown,Unknown,Unknown,Unknown,,,,,,,,unlabeled,
6,a9b4afa4078d,sensoryfair.com,,JOF Berlin Body Zipper For Kids | Blue | Onesie Bodyshort With Zipper | Adaptive Clothing For Children With Special Needs,https://sensoryfair.com/product/berlin-body-zipper-for-kids-blue-onesie-bodyshort-with-zipper-adaptive-clothing-for-children-with-special-needs/,,,,product_name: JOF Berlin Body Zipper For Kids | Blue | Onesie Bodyshort With Zipper | Adaptive Clothing For Children With Special Needs,Unknown,Unknown,Unknown,Unknown,Unknown,Unknown,,,,,,,,unlabeled,
7,bb1bb63d4136,sensoryfair.com,,"Hugsmiling Body Sock Sensory Kids, Medium 27 * 47 inch, Good for Kids Height: 48~58 inch, Soft Fabric with Strong Stitching and Snap Closures (Classic Blue)",https://sensoryfair.com/product/body-sock-sensory-kids-medium-27-47-inch-good-for-kids-height-4858-inch-soft-fabric-with-strong-stitching-and-snap-closures-classic-blue/,"Our 4-way stretch sensory body sock is an all round movement, proprioceptive, tactile and deep pressure experience. Sizes for your choice: Small for height 38~48 inch, Medium for height 48~58 inch, Large for height 58~68 inch, X Large for 68~75 inch A must-have as part of your home, clinic or school based sensory program. Kids body sock is a great therapy and play tool for autism and sensory integration US CPSC CERTIFIED- Hugsmiling kids sensory body sock is certified by the US Consumer Product Safety Commission to be safe for use by kids and adults. It comes with a product course to help you get started with fun.","Our 4-way stretch sensory body sock is an all round movement, proprioceptive, tactile and deep pressure experience. Sizes for your choice: Small for height 38~48 inch, Medium for height 48~58 inch, Large for height 58~68 inch, X Large for 68~75 inch A must-have as part of your home, clinic or school based sensory program. Kids body sock is a great therapy and play tool for autism and sensory integration US CPSC CERTIFIED- Hugsmiling kids sensory body sock is certified by the US Consumer Product Safety Commission to be safe for use by kids and adults. It comes with a product course to help you get started with fun. Material: Matte Nylon Spandex Blend, Nylon 85%, Spandex 15% which is cozy and breathable. Machine Washable Color: Classic Blue",,"product_name: Hugsmiling Body Sock Sensory Kids, Medium 27 * 47 inch, Good for Kids Height: 48~58 inch, Soft Fabric with Strong Stitching and Snap Closures (Classic Blue)
short_description: Our 4-way stretch sensory body sock is an all round movement, proprioceptive, tactile and deep pressure experience. Sizes for your choice: Small for height 38~48 inch, Medium for height 48~58 inch, Large for height 58~68 inch, X Large for 68~75 inch A must-have as part of your home, clinic or school based sensory program. Kids body sock is a great therapy and play tool for autism and sensory integration US CPSC CERTIFIED- Hugsmiling kids sensory body sock is certified by the US Consumer Product Safety Commission to be safe for use by kids and adults. It comes with a product course to help you get started with fun.
full_description: Our 4-way stretch sensory body sock is an all round movement, proprioceptive, tactile and deep pressure experience. Sizes for your choice: Small for height 38~48 inch, Medium for height 48~58 inch, Large for height 58~68 inch, X Large for 68~75 inch A must-have as part of your home, clinic or school based sensory program. Kids body sock is a great therapy and play tool for autism and sensory integration US CPSC CERTIFIED- Hugsmiling kids sensory body sock is certified by the US Consumer Product Safety Commission to be safe for use by kids and adults. It comes with a product course to help you get started with fun. Material: Matte Nylon Spandex Blend, Nylon 85%, Spandex 15% which is cozy and breathable. Machine Washable Color: Classic Blue",Unknown,Unknown,Unknown,Unknown,Unknown,Unknown,,,,,,,,unlabeled,
8,f2b0fadc0355,sensoryfair.com,,"Hugsmiling Body Sock Sensory Kids, Small 24 * 39 inch, Good for Kids Height 38~48 inch, Soft Fabric with Strong Stitching and Snap Closures (Classic Blue)",https://sensoryfair.com/product/body-sock-sensory-kids-small-24-39-inch-good-for-kids-height-3848-inch-soft-fabric-with-strong-stitching-and-snap-closures-classic-blue/,"Our 4-way stretch sensory body sock is an all round movement, proprioceptive, tactile and deep pressure experience. Sizes for your choice: Small for height 38~48 inch, Medium for height 48~58 inch, Large for height 58~68 inch, X Large for 68~75 inch A must-have as part of your home, clinic or school based sensory program. Kids body sock is a great therapy and play tool for autism and sensory integration US CPSC CERTIFIED- Hugsmiling kids sensory body sock is certified by the US Consumer Product Safety Commission to be safe for use by kids and adults. It comes with a product course to help you get started with fun.","Our 4-way stretch sensory body sock is an all round movement, proprioceptive, tactile and deep pressure experience. Sizes for your choice: Small for height 38~48 inch, Medium for height 48~58 inch, Large for height 58~68 inch, X Large for 68~75 inch A must-have as part of your home, clinic or school based sensory program. Kids body sock is a great therapy and play tool for autism and sensory integration US CPSC CERTIFIED- Hugsmiling kids sensory body sock is certified by the US Consumer Product Safety Commission to be safe for use by kids and adults. It comes with a product course to help you get started with fun. Material: Matte Nylon Spandex Blend, Nylon 85%, Spandex 15% which is cozy and breathable. Machine Washable Color: Classic Blue",,"product_name: Hugsmiling Body Sock Sensory Kids, Small 24 * 39 inch, Good for Kids Height 38~48 inch, Soft Fabric with Strong Stitching and Snap Closures (Classic Blue)
short_description: Our 4-way stretch sensory body sock is an all round movement, proprioceptive, tactile and deep pressure experience. Sizes for your choice: Small for height 38~48 inch, Medium for height 48~58 inch, Large for height 58~68 inch, X Large for 68~75 inch A must-have as part of your home, clinic or school based sensory program. Kids body sock is a great therapy and play tool for autism and sensory integration US CPSC CERTIFIED- Hugsmiling kids sensory body sock is certified by the US Consumer Product Safety Commission to be safe for use by kids and adults. It comes with a product course to help you get started with fun.
full_description: Our 4-way stretch sensory body sock is an all round movement, proprioceptive, tactile and deep pressure experience. Sizes for your choice: Small for height 38~48 inch, Medium for height 48~58 inch, Large for height 58~68 inch, X Large for 68~75 inch A must-have as part of your home, clinic or school based sensory program. Kids body sock is a great therapy and play tool for autism and sensory integration US CPSC CERTIFIED- Hugsmiling kids sensory body sock is certified by the US Consumer Product Safety Commission to be safe for use by kids and adults. It comes with a product course to help you get started with fun. Material: Matte Nylon Spandex Blend, Nylon 85%, Spandex 15% which is cozy and breathable. Machine Washable Color: Classic Blue",Unknown,Unknown,Unknown,Unknown,Unknown,Unknown,,,,,,,,unlabeled,
9,1cf18d127421,sensoryfair.com,,DC Comics Justice League 2 Pack Adaptive T-Shirts Sensory Friendly Little Kid Sizes (4-7-8),https://sensoryfair.com/product/dc-comics-justice-league-2-pack-adaptive-t-shirts-sensory-friendly-little-kid-sizes-4-7-8/,,"Your little hero is ready for an exciting comic book adventure in these cute and comfy DC Comics sensory friendly tshirts! This adorable pack of 2 adaptive short sleeve shirts is designed to be comfortable for kids with sensory processing disorder and sensitive skin with flat seams, a wider neck opening and hem, and a tag free design. Made of soft 100% cotton for all-day comfort, these stylish Justice League sensory tees feature vibrant Superman and Batman logo artwork that your superhero fan will be excited to wear!",,"product_name: DC Comics Justice League 2 Pack Adaptive T-Shirts Sensory Friendly Little Kid Sizes (4-7-8)
full_description: Your little hero is ready for an exciting comic book adventure in these cute and comfy DC Comics sensory friendly tshirts! This adorable pack of 2 adaptive short sleeve shirts is designed to be comfortable for kids with sensory processing disorder and sensitive skin with flat seams, a wider neck opening and hem, and a tag free design. Made of soft 100% cotton for all-day comfort, these stylish Justice League sensory tees feature vibrant Superman and Batman logo artwork that your superhero fan will be excited to wear!",Unknown,Unknown,Unknown,Unknown,Unknown,Unknown,,,,,,,,unlabeled,
10,612f3222cb82,sensoryfair.com,,TescoRu Exclusive Back-Zip Onesie – Designed with a convenient back zipper for easy diaper changes,https://sensoryfair.com/product/exclusive-back-zip-onesie-designed-with-a-convenient-back-zipper-for-easy-diaper-changes/,,"*** Helpful Tips *** Our Back-Zip Onesie is designed to offer a snug embrace. Its stretchy fabric accommodates wear over clothing or pajamas without necessitating a larger size. Should it feel too loose, consider opting for a size down for a snugger fit. The back zipper opens fully, catering to unique needs. We recommend partially zipping up (approximately 10%) before dressing your child to facilitate effortless dressing.",,"product_name: TescoRu Exclusive Back-Zip Onesie – Designed with a convenient back zipper for easy diaper changes
full_description: *** Helpful Tips *** Our Back-Zip Onesie is designed to offer a snug embrace. Its stretchy fabric accommodates wear over clothing or pajamas without necessitating a larger size. Should it feel too loose, consider opting for a size down for a snugger fit. The back zipper opens fully, catering to unique needs. We recommend partially zipping up (approximately 10%) before dressing your child to facilitate effortless dressing.",Unknown,Unknown,Unknown,Unknown,Unknown,Unknown,,,,,,,,unlabeled,
11,87e1ee43e4c3,sensoryfair.com,,Fun and Function Sens-ational Hip Hugging Tee – Long Sleeve Compression Shirt for Boys & Girls – Sensory Compression Shirt for Kids & Teens – Navy – X-Small,https://sensoryfair.com/product/fun-and-function-sens-ational-hip-hugging-tee-long-sleeve-compression-shirt-for-boys-girls-sensory-compression-shirt-for-kids-teens-navy-x-small/,"100% Spandex A SENSATIONAL SENSORY SOLUTION: Our youth compression shirt provides gentle compression around the shoulders, trunk and hips to help kids and teens feel grounded and secure throughout the day. Wear in school or at home to promote calm and focus SNUG AS A HUG: Compression clothing for kids provides soothing proprioceptive input that can help you feel calm, focused & centered. Soft and stretchy, these shirts can be layered with your favorite outfit or worn alone for all-day sensory input","100% Spandex A SENSATIONAL SENSORY SOLUTION: Our youth compression shirt provides gentle compression around the shoulders, trunk and hips to help kids and teens feel grounded and secure throughout the day. Wear in school or at home to promote calm and focus SNUG AS A HUG: Compression clothing for kids provides soothing proprioceptive input that can help you feel calm, focused & centered. Soft and stretchy, these shirts can be layered with your favorite outfit or worn alone for all-day sensory input SENSORY & STYLISH: This tagless tee is made from soft, breathable organic cotton that’s perfect for those with tactile sensitivities. Plus, the neutral colors make it easy to mix and match with your everyday wardrobe! FIND THE PERFECT FIT: Our therapy compression shirts are available in seven sizes for kids and teens ages 2+. Check out our size guide to find your best fit! ABOUT US: We started Fun and Function because we couldn’t find kid-friendly sensory tools that would fit our family’s needs. So we channeled our frustration into passion for creating the best sensory tools to help kids (and adults!) thrive",,"product_name: Fun and Function Sens-ational Hip Hugging Tee – Long Sleeve Compression Shirt for Boys & Girls – Sensory Compression Shirt for Kids & Teens – Navy – X-Small
short_description: 100% Spandex A SENSATIONAL SENSORY SOLUTION: Our youth compression shirt provides gentle compression around the shoulders, trunk and hips to help kids and teens feel grounded and secure throughout the day. Wear in school or at home to promote calm and focus SNUG AS A HUG: Compression clothing for kids provides soothing proprioceptive input that can help you feel calm, focused & centered. Soft and stretchy, these shirts can be layered with your favorite outfit or worn alone for all-day sensory input
full_description: 100% Spandex A SENSATIONAL SENSORY SOLUTION: Our youth compression shirt provides gentle compression around the shoulders, trunk and hips to help kids and teens feel grounded and secure throughout the day. Wear in school or at home to promote calm and focus SNUG AS A HUG: Compression clothing for kids provides soothing proprioceptive input that can help you feel calm, focused & centered. Soft and stretchy, these shirts can be layered with your favorite outfit or worn alone for all-day sensory input SENSORY & STYLISH: This tagless tee is made from soft, breathable organic cotton that’s perfect for those with tactile sensitivities. Plus, the neutral colors make it easy to mix and match with your everyday wardrobe! FIND THE PERFECT FIT: Our therapy compression shirts are available in seven sizes for kids and teens ages 2+. Check out our size guide to find your best fit! ABOUT US: We started Fun and Function because we couldn’t find kid-friendly sensory tools that would fit our family’s needs. So we channeled our frustration into passion for creating the best sensory tools to help kids (and adults!) thrive",Unknown,Unknown,Unknown,Unknown,Unknown,Unknown,,,,,,,,unlabeled,
12,f8afe51a3957,sensoryfair.com,,Fun and Function Sens-ational Hip Hugging Tee – Short Sleeve Compression Shirt for Boys & Girls – Sensory Compression Shirt for Kids & Teens – White – Small,https://sensoryfair.com/product/fun-and-function-sens-ational-hip-hugging-tee-short-sleeve-compression-shirt-for-boys-girls-sensory-compression-shirt-for-kids-teens-white-small/,"100% Spandex Made in the USA or Imported A SENSATIONAL SENSORY SOLUTION: Our youth compression shirt provides gentle compression around the shoulders, trunk and hips to help kids and teens feel grounded and secure throughout the day. Wear in school or at home to promote calm and focus","100% Spandex Made in the USA or Imported A SENSATIONAL SENSORY SOLUTION: Our youth compression shirt provides gentle compression around the shoulders, trunk and hips to help kids and teens feel grounded and secure throughout the day. Wear in school or at home to promote calm and focus SNUG AS A HUG: Compression clothing for kids provides soothing proprioceptive input that can help you feel calm, focused & centered. Soft and stretchy, these shirts can be layered with your favorite outfit or worn alone for all-day sensory input SENSORY & STYLISH: This tagless tee is made from soft, breathable organic cotton that’s perfect for those with tactile sensitivities. Plus, the neutral colors make it easy to mix and match with your everyday wardrobe! FIND THE PERFECT FIT: Our therapy compression shirts are available in seven sizes for kids and teens ages 2+. Check out our size guide to find your best fit! ABOUT US: We started Fun and Function because we couldn’t find kid-friendly sensory tools that would fit our family’s needs. So we channeled our frustration into passion for creating the best sensory tools to help kids (and adults!) thrive",,"product_name: Fun and Function Sens-ational Hip Hugging Tee – Short Sleeve Compression Shirt for Boys & Girls – Sensory Compression Shirt for Kids & Teens – White – Small
short_description: 100% Spandex Made in the USA or Imported A SENSATIONAL SENSORY SOLUTION: Our youth compression shirt provides gentle compression around the shoulders, trunk and hips to help kids and teens feel grounded and secure throughout the day. Wear in school or at home to promote calm and focus
full_description: 100% Spandex Made in the USA or Imported A SENSATIONAL SENSORY SOLUTION: Our youth compression shirt provides gentle compression around the shoulders, trunk and hips to help kids and teens feel grounded and secure throughout the day. Wear in school or at home to promote calm and focus SNUG AS A HUG: Compression clothing for kids provides soothing proprioceptive input that can help you feel calm, focused & centered. Soft and stretchy, these shirts can be layered with your favorite outfit or worn alone for all-day sensory input SENSORY & STYLISH: This tagless tee is made from soft, breathable organic cotton that’s perfect for those with tactile sensitivities. Plus, the neutral colors make it easy to mix and match with your everyday wardrobe! FIND THE PERFECT FIT: Our therapy compression shirts are available in seven sizes for kids and teens ages 2+. Check out our size guide to find your best fit! ABOUT US: We started Fun and Function because we couldn’t find kid-friendly sensory tools that would fit our family’s needs. So we channeled our frustration into passion for creating the best sensory tools to help kids (and adults!) thrive",Unknown,Unknown,Unknown,Unknown,Unknown,Unknown,,,,,,,,unlabeled,
13,f6dcfb84d404,sensoryfair.com,,"Fun & Function – Hug Tank Top – Sensory Compression Shirt, Undershirt Hugger for Kids – Compression Clothes for Sensory Needs",https://sensoryfair.com/product/fun-function-hug-tank-top-sensory-compression-shirt-undershirt-hugger-for-kids-compression-clothes-for-sensory-needs/,,,,"product_name: Fun & Function – Hug Tank Top – Sensory Compression Shirt, Undershirt Hugger for Kids – Compression Clothes for Sensory Needs",Unknown,Unknown,Unknown,Unknown,Unknown,Unknown,,,,,,,,unlabeled,
14,40546469e618,sensoryfair.com,,Fun & Function – Sensory Compression Joggers – Gentle Youth Compression Sweatpants for Girls & Boys – Sensory Clothes,https://sensoryfair.com/product/fun-function-sensory-compression-joggers-gentle-youth-compression-sweatpants-for-girls-boys-sensory-clothes/,,,,product_name: Fun & Function – Sensory Compression Joggers – Gentle Youth Compression Sweatpants for Girls & Boys – Sensory Clothes,Unknown,Unknown,Unknown,Unknown,Unknown,Unknown,,,,,,,,unlabeled,
15,bf95981fc16d,sensoryfair.com,,Gertex Adult Adaptive Sleepwear With U-Zip and Back-Zip | Clothing Designed for Special Needs and Disabilities,https://sensoryfair.com/product/gertex-adult-adaptive-sleepwear-with-u-zip-and-back-zip-clothing-designed-for-special-needs-and-disabilities/,,,,product_name: Gertex Adult Adaptive Sleepwear With U-Zip and Back-Zip | Clothing Designed for Special Needs and Disabilities,Unknown,Unknown,Unknown,Unknown,Unknown,Unknown,,,,,,,,unlabeled,
16,9e645613acd8,sensoryfair.com,,"Kaycey Special Needs Adaptive Clothing For Children & Adults, SLEEVELESS Bodysuit",https://sensoryfair.com/product/kaycey-special-needs-adaptive-clothing-for-children-adults-sleeveless-bodysuit/,,,,"product_name: Kaycey Special Needs Adaptive Clothing For Children & Adults, SLEEVELESS Bodysuit",Unknown,Unknown,Unknown,Unknown,Unknown,Unknown,,,,,,,,unlabeled,
17,5653b3faedeb,sensoryfair.com,,"Kaycey Special Needs Adaptive Clothing For Children, Long Sleeve Short Leg Zip Back Jumpsuit",https://sensoryfair.com/product/kaycey-special-needs-adaptive-clothing-for-children-long-sleeve-short-leg-zip-back-jumpsuit/,,,,"product_name: Kaycey Special Needs Adaptive Clothing For Children, Long Sleeve Short Leg Zip Back Jumpsuit",Unknown,Unknown,Unknown,Unknown,Unknown,Unknown,,,,,,,,unlabeled,
18,47cf73ce3020,sensoryfair.com,,"Kaycey Special Needs Adaptive Clothing For Children, Short Sleeve Long Leg Zip Back Jumpsuit",https://sensoryfair.com/product/kaycey-special-needs-adaptive-clothing-for-children-short-sleeve-long-leg-zip-back-jumpsuit/,,,,"product_name: Kaycey Special Needs Adaptive Clothing For Children, Short Sleeve Long Leg Zip Back Jumpsuit",Unknown,Unknown,Unknown,Unknown,Unknown,Unknown,,,,,,,,unlabeled,
19,f7c8e44eeef8,sensoryfair.com,,"Kaycey Special Needs Adaptive Clothing For Children, Short Sleeve Short Leg Zip Back Jumpsuit",https://sensoryfair.com/product/kaycey-special-needs-adaptive-clothing-for-children-short-sleeve-short-leg-zip-back-jumpsuit/,,,,"product_name: Kaycey Special Needs Adaptive Clothing For Children, Short Sleeve Short Leg Zip Back Jumpsuit",Unknown,Unknown,Unknown,Unknown,Unknown,Unknown,,,,,,,,unlabeled,
20,4e02eccd6ee8,sensoryfair.com,,"Kaycey Special Needs Adaptive Clothing For Children, SLEEVELESS Bodysuit Popper Snap Vest, 3 Pack",https://sensoryfair.com/product/kaycey-special-needs-adaptive-clothing-for-children-sleeveless-bodysuit-popper-snap-vest-3-pack/,,Special Kids Adaptive Clothing for kids and adults with special needs,,"product_name: Kaycey Special Needs Adaptive Clothing For Children, SLEEVELESS Bodysuit Popper Snap Vest, 3 Pack
full_description: Special Kids Adaptive Clothing for kids and adults with special needs",Unknown,Unknown,Unknown,Unknown,Unknown,Unknown,,,,,,,,unlabeled,
21,11f0c61328a7,sensoryfair.com,,"Kaycey Special Needs Adaptive Clothing with TUBE ACCESS For Children, Short Sleeve Zip Back Jumpsuit",https://sensoryfair.com/product/kaycey-special-needs-adaptive-clothing-with-tube-access-for-children-short-sleeve-zip-back-jumpsuit/,,,,"product_name: Kaycey Special Needs Adaptive Clothing with TUBE ACCESS For Children, Short Sleeve Zip Back Jumpsuit",Unknown,Unknown,Unknown,Unknown,Unknown,Unknown,,,,,,,,unlabeled,
22,557f94e03031,sensoryfair.com,,"Snugabye Kids Adaptive, Anti-Strip Back-Zip Lightweight Romper Made With 100% Organic Cotton | Designed for Special Needs",https://sensoryfair.com/product/kids-adaptive-anti-strip-back-zip-lightweight-romper-made-with-100-organic-cotton-designed-for-special-needs/,,,,"product_name: Snugabye Kids Adaptive, Anti-Strip Back-Zip Lightweight Romper Made With 100% Organic Cotton | Designed for Special Needs",Unknown,Unknown,Unknown,Unknown,Unknown,Unknown,,,,,,,,unlabeled,
23,601b1abd5032,sensoryfair.com,,Sensory Basics Long Sleeve Compression Tee – Gentle & Calming Compression Shirt for Kids & Adults – Stretchy Sensory Shirt,https://sensoryfair.com/product/long-sleeve-compression-tee-gentle-calming-compression-shirt-for-kids-adults-stretchy-sensory-shirt/,,,,product_name: Sensory Basics Long Sleeve Compression Tee – Gentle & Calming Compression Shirt for Kids & Adults – Stretchy Sensory Shirt,Unknown,Unknown,Unknown,Unknown,Unknown,Unknown,,,,,,,,unlabeled,
24,1593f40152d4,sensoryfair.com,,Men’s Open-Back Adaptive Active T-Shirt,https://sensoryfair.com/product/mens-open-back-adaptive-active-t-shirt/,,,,product_name: Men’s Open-Back Adaptive Active T-Shirt,Unknown,Unknown,Unknown,Unknown,Unknown,Unknown,,,,,,,,unlabeled,
25,b9d0b041c9d9,sensoryfair.com,,Men’s Self Dressing Magnetic Buttons Adaptive Plaid Dress Shirt,https://sensoryfair.com/product/mens-self-dressing-magnetic-buttons-adaptive-plaid-dress-shirt/,,,,product_name: Men’s Self Dressing Magnetic Buttons Adaptive Plaid Dress Shirt,Unknown,Unknown,Unknown,Unknown,Unknown,Unknown,,,,,,,,unlabeled,
26,09ec3ebd2480,sensoryfair.com,,"OUTREE Sensory Sock for Kids, Small,3-5 Years,39”×27”,Good for Height:2’9” – 3’6”,Full Body Sock Provides Deep Pressure Input, Sensory Toys for Autistic Children with A Carrying Bag,Blue",https://sensoryfair.com/product/outree-sensory-sock-for-kids-small3-5-years39x27good-for-height29-36full-body-sock-provides-deep-pressure-input-sensory-toys-for-autistic-children-with-a-carrying-bagblue/,"【SENSORY SOCK】: OUTREE body sock is helping with the sensory seeking. The deep pressure input is what you are seeking all the time ,our soft and silky sensory sack provides an outlet for all the energy you have and pressure input. 【RELAXING TIME】: OUTREE sensory sock gives you relaxing and fun time! Proper elasticity gives you unlimited fun, our sensory body sock for kids is stretchable and well made for tumbling about in it, curling up in it, as well as walking in it. You can also get creative with it. 【HIGH QUALITY DESIGN】: Our body sock for kids is made of polyester and Lycra. It is comfortable and breathable. We use sturdy stitching at every seam in our body socks, the snaps on neckline are not easy to fall off and hard to bounce off.","【SENSORY SOCK】: OUTREE body sock is helping with the sensory seeking. The deep pressure input is what you are seeking all the time ,our soft and silky sensory sack provides an outlet for all the energy you have and pressure input. 【RELAXING TIME】: OUTREE sensory sock gives you relaxing and fun time! Proper elasticity gives you unlimited fun, our sensory body sock for kids is stretchable and well made for tumbling about in it, curling up in it, as well as walking in it. You can also get creative with it. 【HIGH QUALITY DESIGN】: Our body sock for kids is made of polyester and Lycra. It is comfortable and breathable. We use sturdy stitching at every seam in our body socks, the snaps on neckline are not easy to fall off and hard to bounce off. 【PORTABLE & GIFT】: Our sensory sock comes with a carrying bag. It is easy to carry in and out and a good gift choice. Two sizes (Medium & Small) and colors (Blue & Green) sensory sack for your choice. 【OUTREE HELP】: Customer satisfaction is our first priority. If you have any question, please feel free to contact us. We are very willing to help you.",,"product_name: OUTREE Sensory Sock for Kids, Small,3-5 Years,39”×27”,Good for Height:2’9” – 3’6”,Full Body Sock Provides Deep Pressure Input, Sensory Toys for Autistic Children with A Carrying Bag,Blue
short_description: 【SENSORY SOCK】: OUTREE body sock is helping with the sensory seeking. The deep pressure input is what you are seeking all the time ,our soft and silky sensory sack provides an outlet for all the energy you have and pressure input. 【RELAXING TIME】: OUTREE sensory sock gives you relaxing and fun time! Proper elasticity gives you unlimited fun, our sensory body sock for kids is stretchable and well made for tumbling about in it, curling up in it, as well as walking in it. You can also get creative with it. 【HIGH QUALITY DESIGN】: Our body sock for kids is made of polyester and Lycra. It is comfortable and breathable. We use sturdy stitching at every seam in our body socks, the snaps on neckline are not easy to fall off and hard to bounce off.
full_description: 【SENSORY SOCK】: OUTREE body sock is helping with the sensory seeking. The deep pressure input is what you are seeking all the time ,our soft and silky sensory sack provides an outlet for all the energy you have and pressure input. 【RELAXING TIME】: OUTREE sensory sock gives you relaxing and fun time! Proper elasticity gives you unlimited fun, our sensory body sock for kids is stretchable and well made for tumbling about in it, curling up in it, as well as walking in it. You can also get creative with it. 【HIGH QUALITY DESIGN】: Our body sock for kids is made of polyester and Lycra. It is comfortable and breathable. We use sturdy stitching at every seam in our body socks, the snaps on neckline are not easy to fall off and hard to bounce off. 【PORTABLE & GIFT】: Our sensory sock comes with a carrying bag. It is easy to carry in and out and a good gift choice. Two sizes (Medium & Small) and colors (Blue & Green) sensory sack for your choice. 【OUTREE HELP】: Customer satisfaction is our first priority. If you have any question, please feel free to contact us. We are very willing to help you.",Unknown,Unknown,Unknown,Unknown,Unknown,Unknown,,,,,,,,unlabeled,
27,ef7532fb1ada,sensoryfair.com,,"SANHO Dynamic Movement Sensory body Sock,Medium,Good for Height:41″-51″,For Autistic & Sensory Processing Disorders,Updated Version,Orange.",https://sensoryfair.com/product/sanho-dynamic-movement-sensory-body-sockmediumgood-for-height41-51for-autistic-sensory-processing-disordersupdated-versionorange/,"Elastic ☀♘THE PERFECT PLACE FOR KIDS TO RELAX – This unique dynamic movement sensory sock will help to improve self-calming,balance,increased body and spatial awareness,and heightens movement creativity. ☀♘MADE FROM HIGH QUALITY FABRIC – Do not waste your time to use cheaply made sensory sock, it is time to choose a high quality product for your kids.The high-quality with excellent all-side elastic effect,the environmental dye will not cause skin irritation as your assured choice.","Elastic ☀♘THE PERFECT PLACE FOR KIDS TO RELAX – This unique dynamic movement sensory sock will help to improve self-calming,balance,increased body and spatial awareness,and heightens movement creativity. ☀♘MADE FROM HIGH QUALITY FABRIC – Do not waste your time to use cheaply made sensory sock, it is time to choose a high quality product for your kids.The high-quality with excellent all-side elastic effect,the environmental dye will not cause skin irritation as your assured choice. ☀♘SAFE & CONVENIENT – Sanho Dynamic Movement Sensory Sock is a creation with elaborate design, so it will be safe and convenient when children playing with it; THERE ARE FOUR SIZES: Small, medium,large and X-Large . So you can choose one appropriate for your kids in accordance with his/her height, Please click “Sanho Yopo” on the top for more color and sizes. ☀♘OVERWHELMING SATISFACTION – You and I know the gift for children should be the best one, so choose our high quality product and give your kids a surprise. ☀♘RISK-FREE PURCHASE – We stand behind our products and promise to give you a perfect product, If for any reason you don’t absolutely love your sensory sock, just return it!",,"product_name: SANHO Dynamic Movement Sensory body Sock,Medium,Good for Height:41″-51″,For Autistic & Sensory Processing Disorders,Updated Version,Orange.
short_description: Elastic ☀♘THE PERFECT PLACE FOR KIDS TO RELAX – This unique dynamic movement sensory sock will help to improve self-calming,balance,increased body and spatial awareness,and heightens movement creativity. ☀♘MADE FROM HIGH QUALITY FABRIC – Do not waste your time to use cheaply made sensory sock, it is time to choose a high quality product for your kids.The high-quality with excellent all-side elastic effect,the environmental dye will not cause skin irritation as your assured choice.
full_description: Elastic ☀♘THE PERFECT PLACE FOR KIDS TO RELAX – This unique dynamic movement sensory sock will help to improve self-calming,balance,increased body and spatial awareness,and heightens movement creativity. ☀♘MADE FROM HIGH QUALITY FABRIC – Do not waste your time to use cheaply made sensory sock, it is time to choose a high quality product for your kids.The high-quality with excellent all-side elastic effect,the environmental dye will not cause skin irritation as your assured choice. ☀♘SAFE & CONVENIENT – Sanho Dynamic Movement Sensory Sock is a creation with elaborate design, so it will be safe and convenient when children playing with it; THERE ARE FOUR SIZES: Small, medium,large and X-Large . So you can choose one appropriate for your kids in accordance with his/her height, Please click “Sanho Yopo” on the top for more color and sizes. ☀♘OVERWHELMING SATISFACTION – You and I know the gift for children should be the best one, so choose our high quality product and give your kids a surprise. ☀♘RISK-FREE PURCHASE – We stand behind our products and promise to give you a perfect product, If for any reason you don’t absolutely love your sensory sock, just return it!",Unknown,Unknown,Unknown,Unknown,Unknown,Unknown,,,,,,,,unlabeled,
28,864489f503ae,sensoryfair.com,,"Sensory Body Sock, Calming Therapy Blanket, Sensory Stress Relief, Anxiety, Autism, ADHD, ADD, Tactile Items for Therapeutic , Kids Fidget (Pink, Large)",https://sensoryfair.com/product/sensory-body-sock-calming-therapy-blanket-sensory-stress-relief-anxiety-autism-adhd-add-tactile-items-for-therapeutic-kids-fidget-pink-large/,"【Full-Body Sensory Socks】: Our sensory body sock is the perfect choice for sensory seeking individuals. The deep pressure input that you crave is satisfied by our soft and silky sensory sack. Ideal for providing an outlet for excess energy and pressure input. 【全身感官袜】 【The Perfect Place For Kids To Relax】: Kids will love relaxing and having fun in our sensory sock! The proper elasticity allows for endless enjoyment. Our sensory body sock for kids is stretchable and durable, making it perfect for tumbling, curling up, and even walking in. 【Lightweight, Breathable Fabric】: Our sensory socks for kids are crafted from high-quality, stretchable fabric (80% Nylon, 20% Spandex) that is both comfortable and breathable. Each seam is reinforced with sturdy stitching and the neckline snaps are secure and durable.","Help your child achieve calming, focused balance with a comforting sensory body sock that helps improve their spatial awareness and movement confidence. Ideal for kids with ADHD, autism, or other spatial sensory challenges, the sensory body socks can help your child regain a sense of balance and clarity when overwhelmed. That’s why we created the sensory sox , a fun full Body Sock Wrap for Autistic Children that helps them feel reassured, safe, and comfortables. Crafted with a stretchy, breathable fabric, these colorful and stretchable Body sock let kids move freely while still providing them deep pressure stimulation improve to their nervous system. And because it comes in multiple colors and sizes, it’s the perfect solution for helping boys and girls find focus, balance, and calm relief. Product Details: Full Body Sensory Sock Promotes Calming Stress, Anxiety Relief Gender Neutral (Boys and Girls) Cool, Breathable, Stretchy Safety Snap Closure Available Colors: Bright blue,Pink Available Sizes: Small (40” x 27”) Medium (47” x 27”) Large (56” x 28”) Enhance your child’s sense of security and comfort with a comfortable Sensory Body Sock by getting yours today. 【Full-Body Sensory Socks】: Our sensory body sock is the perfect choice for sensory seeking individuals. The deep pressure input that you crave is satisfied by our soft and silky sensory sack. Ideal for providing an outlet for excess energy and pressure input. 【全身感官袜】 【The Perfect Place For Kids To Relax】: Kids will love relaxing and having fun in our sensory sock! The proper elasticity allows for endless enjoyment. Our sensory body sock for kids is stretchable and durable, making it perfect for tumbling, curling up, and even walking in. 【Lightweight, Breathable Fabric】: Our sensory socks for kids are crafted from high-quality, stretchable fabric (80% Nylon, 20% Spandex) that is both comfortable and breathable. Each seam is reinforced with sturdy stitching and the neckline snaps are secure and durable. 【100% Lifetime Guarantee】: Shop with confidence knowing that all of our autism sensory products come with a lifetime, money-back guarantee. Customer satisfaction is our top priority, so if you have any questions or concerns, please don’t hesitate to contact us. We are here to help. 【Premium Sensory Sack for Dynamic Movement】: Our sensory sock is designed to provide a premium sensory experience for children with sensory processing disorders. The stretchable fabric allows for dynamic movement and endless fun.",,"product_name: Sensory Body Sock, Calming Therapy Blanket, Sensory Stress Relief, Anxiety, Autism, ADHD, ADD, Tactile Items for Therapeutic , Kids Fidget (Pink, Large)
short_description: 【Full-Body Sensory Socks】: Our sensory body sock is the perfect choice for sensory seeking individuals. The deep pressure input that you crave is satisfied by our soft and silky sensory sack. Ideal for providing an outlet for excess energy and pressure input. 【全身感官袜】 【The Perfect Place For Kids To Relax】: Kids will love relaxing and having fun in our sensory sock! The proper elasticity allows for endless enjoyment. Our sensory body sock for kids is stretchable and durable, making it perfect for tumbling, curling up, and even walking in. 【Lightweight, Breathable Fabric】: Our sensory socks for kids are crafted from high-quality, stretchable fabric (80% Nylon, 20% Spandex) that is both comfortable and breathable. Each seam is reinforced with sturdy stitching and the neckline snaps are secure and durable.
full_description: Help your child achieve calming, focused balance with a comforting sensory body sock that helps improve their spatial awareness and movement confidence. Ideal for kids with ADHD, autism, or other spatial sensory challenges, the sensory body socks can help your child regain a sense of balance and clarity when overwhelmed. That’s why we created the sensory sox , a fun full Body Sock Wrap for Autistic Children that helps them feel reassured, safe, and comfortables. Crafted with a stretchy, breathable fabric, these colorful and stretchable Body sock let kids move freely while still providing them deep pressure stimulation improve to their nervous system. And because it comes in multiple colors and sizes, it’s the perfect solution for helping boys and girls find focus, balance, and calm relief. Product Details: Full Body Sensory Sock Promotes Calming Stress, Anxiety Relief Gender Neutral (Boys and Girls) Cool, Breathable, Stretchy Safety Snap Closure Available Colors: Bright blue,Pink Available Sizes: Small (40” x 27”) Medium (47” x 27”) Large (56” x 28”) Enhance your child’s sense of security and comfort with a comfortable Sensory Body Sock by getting yours today. 【Full-Body Sensory Socks】: Our sensory body sock is the perfect choice for sensory seeking individuals. The deep pressure input that you crave is satisfied by our soft and silky sensory sack. Ideal for providing an outlet for excess energy and pressure input. 【全身感官袜】 【The Perfect Place For Kids To Relax】: Kids will love relaxing and having fun in our sensory sock! The proper elasticity allows for endless enjoyment. Our sensory body sock for kids is stretchable and durable, making it perfect for tumbling, curling up, and even walking in. 【Lightweight, Breathable Fabric】: Our sensory socks for kids are crafted from high-quality, stretchable fabric (80% Nylon, 20% Spandex) that is both comfortable and breathable. Each seam is reinforced with sturdy stitching and the neckline snaps are secure and durable. 【100% Lifetime Guarantee】: Shop with confidence knowing that all of our autism sensory products come with a lifetime, money-back guarantee. Customer satisfaction is our top priority, so if you have any questions or concerns, please don’t hesitate to contact us. We are here to help. 【Premium Sensory Sack for Dynamic Movement】: Our sensory sock is designed to provide a premium sensory experience for children with sensory processing disorders. The stretchable fabric allows for dynamic movement and endless fun.",Unknown,Unknown,Unknown,Unknown,Unknown,Unknown,,,,,,,,unlabeled,
29,fc64b54d6590,sensoryfair.com,,"UIMEYIM Sensory Compression Vest For Kids Autism Vest Deep Pressure Comfort for Hyperactivity, Mood Processing Disorders",https://sensoryfair.com/product/sensory-compression-vest-for-kids-autism-vest-deep-pressure-comfort-for-hyperactivity-mood-processing-disorders/,,"The sensory compression vest for kids designed to promote calming, focused relief. Our autism compression vest is made from a breathable and flexible neoprene.It will keep your kid’s muscles warmed up while they walk or run around freely without being restricted by an uncomfortable fit. Easy open and close adjustability. Bring the autism vest with you on car rides to improve the traveling experience for your kids. Ideal gift for children give the gift of a reassuring, hug-like experience to your kids. Kids Compression Vest receive positive sensory benefits paired with improved focus and security, calming for kids with mood processing disorder. Get the premium pressure vest today, and get the warm, supportive hug and compression feeling.",,"product_name: UIMEYIM Sensory Compression Vest For Kids Autism Vest Deep Pressure Comfort for Hyperactivity, Mood Processing Disorders
full_description: The sensory compression vest for kids designed to promote calming, focused relief. Our autism compression vest is made from a breathable and flexible neoprene.It will keep your kid’s muscles warmed up while they walk or run around freely without being restricted by an uncomfortable fit. Easy open and close adjustability. Bring the autism vest with you on car rides to improve the traveling experience for your kids. Ideal gift for children give the gift of a reassuring, hug-like experience to your kids. Kids Compression Vest receive positive sensory benefits paired with improved focus and security, calming for kids with mood processing disorder. Get the premium pressure vest today, and get the warm, supportive hug and compression feeling.",Unknown,Unknown,Unknown,Unknown,Unknown,Unknown,,,,,,,,unlabeled,
30,7e1ae8a912e6,sensoryfair.com,,DuttiLea Sensory Compression Vest for Kids Deep Pressure Comfort,https://sensoryfair.com/product/sensory-compression-vest-for-kids-deep-pressure-comfort/,,,,product_name: DuttiLea Sensory Compression Vest for Kids Deep Pressure Comfort,Unknown,Unknown,Unknown,Unknown,Unknown,Unknown,,,,,,,,unlabeled,
31,c58057a1daf1,sensoryfair.com,,TOPARCHERY Sensory Compression Vest Deep Pressure Vest Soft Breathable Form-Fitting,https://sensoryfair.com/product/sensory-compression-vest-sensory-processing-disorder-vest-deep-pressure-comfort-for-autism-hyperactivity-mood-processing-disorders-medium-17-x-30/,"Deep Pressure Sensory Support – This compression vest for autism and sensory processing disorders creates a warm, supportive hug for their who struggle with focus, stress, or anxiety. NO WEIGHT is USED — instead a deep pressure is applied to the body by the tight wrapping of the vest around the body. Challenging and sensory seeking behaviours are often reduced with the application of deep pressure.Anxiety and distress can be reduced by lowering the heart rate, calming breathing Soothing, Comforting Compression – The therapeutic pressure applied to the body is designed to help you stay more engaged and focused when things seem overwhelming or emotions run high Hook-and-Loop Adjustability – Designed to fit your torso comfortably, the smart design lets you adjust the fit to give you smooth, even pressure across the shoulders, chest, and stomach for a full upper-body hug.","Deep Pressure Sensory Support – This compression vest for autism and sensory processing disorders creates a warm, supportive hug for their who struggle with focus, stress, or anxiety. NO WEIGHT is USED — instead a deep pressure is applied to the body by the tight wrapping of the vest around the body. Challenging and sensory seeking behaviours are often reduced with the application of deep pressure.Anxiety and distress can be reduced by lowering the heart rate, calming breathing Soothing, Comforting Compression – The therapeutic pressure applied to the body is designed to help you stay more engaged and focused when things seem overwhelming or emotions run high Hook-and-Loop Adjustability – Designed to fit your torso comfortably, the smart design lets you adjust the fit to give you smooth, even pressure across the shoulders, chest, and stomach for a full upper-body hug. Breathable, Flexible – Each compress vest provides the perfect balance of weight and comfort to make it easier to wear over or under clothing without limiting mobility, balance, or regular movement. Kid Friendly Wearable – The perfect compression vest for kids, we offer 2 sizes(Small: 14inch * 24 inch, Medium:17inch*30inch); Please choose the best size , if you don’t know which one will suit for their, you can refer the pictures compare with the size that you measure their(Shoulder to Waist and Chest Measurements).",,"product_name: TOPARCHERY Sensory Compression Vest Deep Pressure Vest Soft Breathable Form-Fitting
short_description: Deep Pressure Sensory Support – This compression vest for autism and sensory processing disorders creates a warm, supportive hug for their who struggle with focus, stress, or anxiety. NO WEIGHT is USED — instead a deep pressure is applied to the body by the tight wrapping of the vest around the body. Challenging and sensory seeking behaviours are often reduced with the application of deep pressure.Anxiety and distress can be reduced by lowering the heart rate, calming breathing Soothing, Comforting Compression – The therapeutic pressure applied to the body is designed to help you stay more engaged and focused when things seem overwhelming or emotions run high Hook-and-Loop Adjustability – Designed to fit your torso comfortably, the smart design lets you adjust the fit to give you smooth, even pressure across the shoulders, chest, and stomach for a full upper-body hug.
full_description: Deep Pressure Sensory Support – This compression vest for autism and sensory processing disorders creates a warm, supportive hug for their who struggle with focus, stress, or anxiety. NO WEIGHT is USED — instead a deep pressure is applied to the body by the tight wrapping of the vest around the body. Challenging and sensory seeking behaviours are often reduced with the application of deep pressure.Anxiety and distress can be reduced by lowering the heart rate, calming breathing Soothing, Comforting Compression – The therapeutic pressure applied to the body is designed to help you stay more engaged and focused when things seem overwhelming or emotions run high Hook-and-Loop Adjustability – Designed to fit your torso comfortably, the smart design lets you adjust the fit to give you smooth, even pressure across the shoulders, chest, and stomach for a full upper-body hug. Breathable, Flexible – Each compress vest provides the perfect balance of weight and comfort to make it easier to wear over or under clothing without limiting mobility, balance, or regular movement. Kid Friendly Wearable – The perfect compression vest for kids, we offer 2 sizes(Small: 14inch * 24 inch, Medium:17inch*30inch); Please choose the best size , if you don’t know which one will suit for their, you can refer the pictures compare with the size that you measure their(Shoulder to Waist and Chest Measurements).",Unknown,Unknown,Unknown,Unknown,Unknown,Unknown,,,,,,,,unlabeled,
32,c1c8d74d18e5,sensoryfair.com,,"Sensory Sock,Small,3-5 Years, White Space Full Body Sock Provides Deep Pressure Input Sensory Toys for Autistic Children Perfect for Children with Sensory Processing Disorde",https://sensoryfair.com/product/sensory-sock-body-socksmall3-5-years-white-space-full-body-sock-provides-deep-pressure-input-sensory-toys-for-autistic-children-perfect-for-children-with-sensory-processing-disorde/,"Choose a high-quality sensory sock made from premium fabric for your kids to ensure a comfortable and skin-friendly experience. This sock is lightweight and portable, so you can take it with you wherever you go! Our Dynamic Movement Sensory Sock comes in four sizes: Small (40”LX27”W), Medium (47”LX27”W), Large (56”LX28”W), and X-Large (69”LX28”W). You can select the appropriate size based on your child’s height. Sensory full-body socks offer a fun and alternative way to provide sensory experiences to the body. They can help increase body awareness, promote calmness, focus, and relaxation, making them ideal for children with ADHD, autism, or other spatial sensory challenges.","Choose a high-quality sensory sock made from premium fabric for your kids to ensure a comfortable and skin-friendly experience. This sock is lightweight and portable, so you can take it with you wherever you go! Our Dynamic Movement Sensory Sock comes in four sizes: Small (40”LX27”W), Medium (47”LX27”W), Large (56”LX28”W), and X-Large (69”LX28”W). You can select the appropriate size based on your child’s height. Sensory full-body socks offer a fun and alternative way to provide sensory experiences to the body. They can help increase body awareness, promote calmness, focus, and relaxation, making them ideal for children with ADHD, autism, or other spatial sensory challenges. Using sensory body socks can assist children in regaining a sense of balance and clarity when they feel overwhelmed. When inside the sock, children receive tactile items for therapeutic play, as well as proprioceptive and deep pressure input. These sensory inputs can have a calming and regulating effect, providing a compression sensation and deep pressure therapy. This charming and amazing body sock is excellent for tactile stimulation, sensory integration, understanding body boundaries, and self-expression. It is a must-have for home, clinic, or school-based sensory programs. The sock is suitable for children with sensory processing disorder (SPD), ADHD, autism, as well as typical children who enjoy the comforting feeling of a “hug”.",,"product_name: Sensory Sock,Small,3-5 Years, White Space Full Body Sock Provides Deep Pressure Input Sensory Toys for Autistic Children Perfect for Children with Sensory Processing Disorde
short_description: Choose a high-quality sensory sock made from premium fabric for your kids to ensure a comfortable and skin-friendly experience. This sock is lightweight and portable, so you can take it with you wherever you go! Our Dynamic Movement Sensory Sock comes in four sizes: Small (40”LX27”W), Medium (47”LX27”W), Large (56”LX28”W), and X-Large (69”LX28”W). You can select the appropriate size based on your child’s height. Sensory full-body socks offer a fun and alternative way to provide sensory experiences to the body. They can help increase body awareness, promote calmness, focus, and relaxation, making them ideal for children with ADHD, autism, or other spatial sensory challenges.
full_description: Choose a high-quality sensory sock made from premium fabric for your kids to ensure a comfortable and skin-friendly experience. This sock is lightweight and portable, so you can take it with you wherever you go! Our Dynamic Movement Sensory Sock comes in four sizes: Small (40”LX27”W), Medium (47”LX27”W), Large (56”LX28”W), and X-Large (69”LX28”W). You can select the appropriate size based on your child’s height. Sensory full-body socks offer a fun and alternative way to provide sensory experiences to the body. They can help increase body awareness, promote calmness, focus, and relaxation, making them ideal for children with ADHD, autism, or other spatial sensory challenges. Using sensory body socks can assist children in regaining a sense of balance and clarity when they feel overwhelmed. When inside the sock, children receive tactile items for therapeutic play, as well as proprioceptive and deep pressure input. These sensory inputs can have a calming and regulating effect, providing a compression sensation and deep pressure therapy. This charming and amazing body sock is excellent for tactile stimulation, sensory integration, understanding body boundaries, and self-expression. It is a must-have for home, clinic, or school-based sensory programs. The sock is suitable for children with sensory processing disorder (SPD), ADHD, autism, as well as typical children who enjoy the comforting feeling of a “hug”.",Unknown,Unknown,Unknown,Unknown,Unknown,Unknown,,,,,,,,unlabeled,
33,fddee343d814,sensoryfair.com,,Silvert’s Adaptive Clothing & Footwear Men’s Open Back Henley Nightgown,https://sensoryfair.com/product/silverts-adaptive-clothing-footwear-mens-open-back-henley-nightgown/,,,,product_name: Silvert’s Adaptive Clothing & Footwear Men’s Open Back Henley Nightgown,Unknown,Unknown,Unknown,Unknown,Unknown,Unknown,,,,,,,,unlabeled,
34,f23d9c9a19e3,sensoryfair.com,,Silvert’s Adaptive Clothing & Footwear Women’s Open Back Active Capri Pant,https://sensoryfair.com/product/silverts-adaptive-clothing-footwear-womens-open-back-active-capri-pant/,,,,product_name: Silvert’s Adaptive Clothing & Footwear Women’s Open Back Active Capri Pant,Unknown,Unknown,Unknown,Unknown,Unknown,Unknown,,,,,,,,unlabeled,
35,117fc7ab37bf,sensoryfair.com,,Silvert’s Adaptive Clothing & Footwear Women’s Soft Stretch Pull-On Pant,https://sensoryfair.com/product/silverts-adaptive-clothing-footwear-womens-soft-stretch-pull-on-pant/,,"PRODUCT FEATURES Elastic Waist: Stretchy pant waistband for ease of dressing and comfort Easy Grip: 2 easy grips, 1 on each inner side of the waistband for easy pull on and off Adjustable Hems: A button and loop on each inner side of the pant leg can shorten the length by 2 inches. Convenient Pockets: Handy pockets to store belongings FABRIC & CARE Fabric Content: 81% Polyester/ 16% Rayon/ 3% Spandex Fabric Description: A super soft brushed knit that feels decadent against sensitive skin ADDITIONAL INFORMATION The Women’s Soft Stretch Pull-On Pants are perfect for both self and assisted dressing. Engineered with discreet easy-grips at the waistband, these pants ensure effortless on and off for individuals with arthritis or reduced hand dexterity. Featuring convenient pockets, these elastic waist pants for women seamlessly blend style with the comfort reminiscent of a pair of pyjamas.",,"product_name: Silvert’s Adaptive Clothing & Footwear Women’s Soft Stretch Pull-On Pant
full_description: PRODUCT FEATURES Elastic Waist: Stretchy pant waistband for ease of dressing and comfort Easy Grip: 2 easy grips, 1 on each inner side of the waistband for easy pull on and off Adjustable Hems: A button and loop on each inner side of the pant leg can shorten the length by 2 inches. Convenient Pockets: Handy pockets to store belongings FABRIC & CARE Fabric Content: 81% Polyester/ 16% Rayon/ 3% Spandex Fabric Description: A super soft brushed knit that feels decadent against sensitive skin ADDITIONAL INFORMATION The Women’s Soft Stretch Pull-On Pants are perfect for both self and assisted dressing. Engineered with discreet easy-grips at the waistband, these pants ensure effortless on and off for individuals with arthritis or reduced hand dexterity. Featuring convenient pockets, these elastic waist pants for women seamlessly blend style with the comfort reminiscent of a pair of pyjamas.",Unknown,Unknown,Unknown,Unknown,Unknown,Unknown,,,,,,,,unlabeled,
36,8dcf21ebc94d,sensoryfair.com,,"Silverts Front Closure Bra – Comfortable Adaptive Front Clasp Bra for Elderly – Wide Straps, Underwire & Padding Free",https://sensoryfair.com/product/silverts-front-closure-bra-comfortable-adaptive-front-clasp-bra-for-elderly-wide-straps-underwire-padding-free/,,,,"product_name: Silverts Front Closure Bra – Comfortable Adaptive Front Clasp Bra for Elderly – Wide Straps, Underwire & Padding Free",Unknown,Unknown,Unknown,Unknown,Unknown,Unknown,,,,,,,,unlabeled,
37,c061d65aec12,sensoryfair.com,,"Silverts Open-Back Hospital Gowns for Women – Comfortable, Dignified, Easy Dressing for Seniors & Patients – 100% Cotton",https://sensoryfair.com/product/silverts-open-back-hospital-gowns-for-women-comfortable-dignified-easy-dressing-for-seniors-patients-100-cotton/,,,,"product_name: Silverts Open-Back Hospital Gowns for Women – Comfortable, Dignified, Easy Dressing for Seniors & Patients – 100% Cotton",Unknown,Unknown,Unknown,Unknown,Unknown,Unknown,,,,,,,,unlabeled,
38,4c35dd1ad586,sensoryfair.com,,"Silverts Open-Back Hospital Gowns for Women – Comfortable, Dignified, Easy Dressing for Seniors & Patients – Embroidered",https://sensoryfair.com/product/silverts-open-back-hospital-gowns-for-women-comfortable-dignified-easy-dressing-for-seniors-patients-embroidered/,,,,"product_name: Silverts Open-Back Hospital Gowns for Women – Comfortable, Dignified, Easy Dressing for Seniors & Patients – Embroidered",Unknown,Unknown,Unknown,Unknown,Unknown,Unknown,,,,,,,,unlabeled,
39,097887d11760,sensoryfair.com,,"Silverts Open-Back Hospital Gowns for Women – Comfortable, Dignified, Easy Dressing for Seniors & Patients – Long Sleeve",https://sensoryfair.com/product/silverts-open-back-hospital-gowns-for-women-comfortable-dignified-easy-dressing-for-seniors-patients-long-sleeve/,,"Silverts Adaptive Open Back Nightgowns combine comfort, dignity, and practicality for women needing specialized sleepwear. These thoughtfully designed gowns for bedridden women feature an innovative open-back design that makes dressing and undressing easier for both caregivers and wearers while maintaining modesty. They are Designed as easy clothes for elderly Available in both long sleeve and short sleeve styles, these nightgowns are perfect for home care, hospital stays, or assisted living environments. The collection includes flannel styles, providing extra warmth and comfort during cooler months, as well as lighter cotton options for year-round wear. As leaders in adult adaptive clothing, Silverts understands that adaptive elderly clothing must balance functionality with style. These open back nightgowns for women come in various attractive patterns and colors, proving that cute gowns for women can be both practical and fashionable. The gowns for women with snaps feature high-quality closures that are easy to manipulate yet secure enough to stay in place. These adaptive nightgowns for women are specifically designed as ladies gowns for elderly residents who may have limited mobility or require assistance with dressing. The hospital gowns for elderly women tie back securely while being gentle on sensitive skin. For those requiring long-term care, the long sleeve hospital gowns for elderly women open back design provides full coverage while allowing easy access for medical care and personal hygiene. These hospital nightgowns for women and adaptive clothing for elderly are made from soft, durable fabrics that stand up to frequent washing while maintaining their shape and comfort. Whether used as hospital gowns for elderly women tie back style or as snap nightgowns for women, these adaptive gowns represent the perfect blend of functionality and comfort.",,"product_name: Silverts Open-Back Hospital Gowns for Women – Comfortable, Dignified, Easy Dressing for Seniors & Patients – Long Sleeve
full_description: Silverts Adaptive Open Back Nightgowns combine comfort, dignity, and practicality for women needing specialized sleepwear. These thoughtfully designed gowns for bedridden women feature an innovative open-back design that makes dressing and undressing easier for both caregivers and wearers while maintaining modesty. They are Designed as easy clothes for elderly Available in both long sleeve and short sleeve styles, these nightgowns are perfect for home care, hospital stays, or assisted living environments. The collection includes flannel styles, providing extra warmth and comfort during cooler months, as well as lighter cotton options for year-round wear. As leaders in adult adaptive clothing, Silverts understands that adaptive elderly clothing must balance functionality with style. These open back nightgowns for women come in various attractive patterns and colors, proving that cute gowns for women can be both practical and fashionable. The gowns for women with snaps feature high-quality closures that are easy to manipulate yet secure enough to stay in place. These adaptive nightgowns for women are specifically designed as ladies gowns for elderly residents who may have limited mobility or require assistance with dressing. The hospital gowns for elderly women tie back securely while being gentle on sensitive skin. For those requiring long-term care, the long sleeve hospital gowns for elderly women open back design provides full coverage while allowing easy access for medical care and personal hygiene. These hospital nightgowns for women and adaptive clothing for elderly are made from soft, durable fabrics that stand up to frequent washing while maintaining their shape and comfort. Whether used as hospital gowns for elderly women tie back style or as snap nightgowns for women, these adaptive gowns represent the perfect blend of functionality and comfort.",Unknown,Unknown,Unknown,Unknown,Unknown,Unknown,,,,,,,,unlabeled,
40,e4fab2c3c695,sensoryfair.com,,"Silverts Open-Back Hospital Gowns for Women – Comfortable, Easy Dressing for Seniors & Patients – Lace Trim 2/3 Sleeve",https://sensoryfair.com/product/silverts-open-back-hospital-gowns-for-women-comfortable-easy-dressing-for-seniors-patients-lace-trim-2-3-sleeve/,,,,"product_name: Silverts Open-Back Hospital Gowns for Women – Comfortable, Easy Dressing for Seniors & Patients – Lace Trim 2/3 Sleeve",Unknown,Unknown,Unknown,Unknown,Unknown,Unknown,,,,,,,,unlabeled,
41,ee2e432a13c0,sensoryfair.com,,"Silverts Open-Back Hospital Gowns for Women – Comfortable, Easy Dressing for Seniors & Patients – Milk Silk Lace 2/3 Sleeve",https://sensoryfair.com/product/silverts-open-back-hospital-gowns-for-women-comfortable-easy-dressing-for-seniors-patients-milk-silk-lace-2-3-sleeve/,,,,"product_name: Silverts Open-Back Hospital Gowns for Women – Comfortable, Easy Dressing for Seniors & Patients – Milk Silk Lace 2/3 Sleeve",Unknown,Unknown,Unknown,Unknown,Unknown,Unknown,,,,,,,,unlabeled,
42,5203f61fe45b,sensoryfair.com,,Silverts Unisex Tear Away Post Surgery Pants – Breakaway Rip Off Side Snap Clothing – Recovery Adaptive Wear for Elderly,https://sensoryfair.com/product/silverts-unisex-tear-away-post-surgery-pants-breakaway-rip-off-side-snap-clothing-recovery-adaptive-wear-for-elderly/,,,,product_name: Silverts Unisex Tear Away Post Surgery Pants – Breakaway Rip Off Side Snap Clothing – Recovery Adaptive Wear for Elderly,Unknown,Unknown,Unknown,Unknown,Unknown,Unknown,,,,,,,,unlabeled,
43,bb05580a6a80,sensoryfair.com,,Silverts Women’s No Peek Hospital & Home Care Gown,https://sensoryfair.com/product/silverts-womens-no-peek-hospital-home-care-gown/,,,,product_name: Silverts Women’s No Peek Hospital & Home Care Gown,Unknown,Unknown,Unknown,Unknown,Unknown,Unknown,,,,,,,,unlabeled,
44,45af613ff669,sensoryfair.com,,Silverts Women’s Open Back Vneck Embellished Top – Adaptive Clothes for Elderly Seniors – Wheelchair Surgery Recovery Shirt,https://sensoryfair.com/product/silverts-womens-open-back-vneck-embellished-top-adaptive-clothes-for-elderly-seniors-wheelchair-surgery-recovery-shirt/,,,,product_name: Silverts Women’s Open Back Vneck Embellished Top – Adaptive Clothes for Elderly Seniors – Wheelchair Surgery Recovery Shirt,Unknown,Unknown,Unknown,Unknown,Unknown,Unknown,,,,,,,,unlabeled,
45,51ec781dcd95,sensoryfair.com,,"Special Kids Adaptive Clothing Dungarees, Scratch Sleeves Button Back Ankle Length Footless Dungarees, Soft Woven Cotton",https://sensoryfair.com/product/special-kids-adaptive-clothing-dungarees-scratch-sleeves-button-back-ankle-length-footless-dungarees-soft-woven-cotton/,,,,"product_name: Special Kids Adaptive Clothing Dungarees, Scratch Sleeves Button Back Ankle Length Footless Dungarees, Soft Woven Cotton",Unknown,Unknown,Unknown,Unknown,Unknown,Unknown,,,,,,,,unlabeled,
46,f4d3dbad7adb,sensoryfair.com,,"Special Kids Adaptive Clothing For Children & Adults With Special Needs, Short Sleeve Bodysuit",https://sensoryfair.com/product/special-kids-adaptive-clothing-for-children-adults-with-special-needs-short-sleeve-bodysuit/,,,,"product_name: Special Kids Adaptive Clothing For Children & Adults With Special Needs, Short Sleeve Bodysuit",Unknown,Unknown,Unknown,Unknown,Unknown,Unknown,,,,,,,,unlabeled,
47,ca2702dc6e7d,sensoryfair.com,,"Special Supplies Sensory Compression Vest Deep Pressure Comfort (Blue, Meduim)",https://sensoryfair.com/product/special-supplies-sensory-compression-vest-deep-pressure-comfort-blue-meduim/,"Home, Travel, and Classroom Use – Our versatile sensory vest can be worn wherever and whenever your child needs to calm down or feel more in control, including on long car rides, in class with friends or teachers, or out running errands Soft, Breathable, and Supportive – Designed to wrap comfortably over the shoulders and around the midsection our vest for kids lets them move, play, and experience life with natural mobility while staying cool and relaxed on the go Calming, Therapeutic Sensory Vest – This compression vest for kids with sensory issues helps relieve stress, anxiety, and overwhelming emotions caused by ADHD or autism, so your child can feel more focused, calm, and relaxed around others","Home, Travel, and Classroom Use – Our versatile sensory vest can be worn wherever and whenever your child needs to calm down or feel more in control, including on long car rides, in class with friends or teachers, or out running errands Soft, Breathable, and Supportive – Designed to wrap comfortably over the shoulders and around the midsection our vest for kids lets them move, play, and experience life with natural mobility while staying cool and relaxed on the go Calming, Therapeutic Sensory Vest – This compression vest for kids with sensory issues helps relieve stress, anxiety, and overwhelming emotions caused by ADHD or autism, so your child can feel more focused, calm, and relaxed around others Supporting Kids of All Sizes – Special Supplies sensory compression vests come in five versatile sizes to fit your growing child including X-Small, Small, Medium, and Large; All in a gender-neutral Navy for boys or girls",,"product_name: Special Supplies Sensory Compression Vest Deep Pressure Comfort (Blue, Meduim)
short_description: Home, Travel, and Classroom Use – Our versatile sensory vest can be worn wherever and whenever your child needs to calm down or feel more in control, including on long car rides, in class with friends or teachers, or out running errands Soft, Breathable, and Supportive – Designed to wrap comfortably over the shoulders and around the midsection our vest for kids lets them move, play, and experience life with natural mobility while staying cool and relaxed on the go Calming, Therapeutic Sensory Vest – This compression vest for kids with sensory issues helps relieve stress, anxiety, and overwhelming emotions caused by ADHD or autism, so your child can feel more focused, calm, and relaxed around others
full_description: Home, Travel, and Classroom Use – Our versatile sensory vest can be worn wherever and whenever your child needs to calm down or feel more in control, including on long car rides, in class with friends or teachers, or out running errands Soft, Breathable, and Supportive – Designed to wrap comfortably over the shoulders and around the midsection our vest for kids lets them move, play, and experience life with natural mobility while staying cool and relaxed on the go Calming, Therapeutic Sensory Vest – This compression vest for kids with sensory issues helps relieve stress, anxiety, and overwhelming emotions caused by ADHD or autism, so your child can feel more focused, calm, and relaxed around others Supporting Kids of All Sizes – Special Supplies sensory compression vests come in five versatile sizes to fit your growing child including X-Small, Small, Medium, and Large; All in a gender-neutral Navy for boys or girls",Unknown,Unknown,Unknown,Unknown,Unknown,Unknown,,,,,,,,unlabeled,
48,f4686983bc84,sensoryfair.com,,THOMAS & FRIENDS 2 Pack Adaptive T-Shirts Sensory Friendly Toddler Sizes (2T – 5T),https://sensoryfair.com/product/thomas-friends-2-pack-adaptive-t-shirts-sensory-friendly-toddler-sizes-2t-5t/,,"Journey to the island of Sodor and get ready for an adventure with your kid’s favorite blue steam engine in these cute and comfy Thomas and Friends sensory friendly tshirts! This adorable pack of 2 adaptive short sleeve shirts is designed to be comfortable for kids with sensory processing disorder and sensitive skin with flat seams, a wider neck opening and hem, and a tag free design. Made of soft 100% cotton for all-day comfort, these stylish Thomas and Friends sensory friendly tees feature vibrant artwork of Thomas the Tank Engine and his friend Percy that your train enthusiast will be excited to wear! (c) 2024 HIT Entertainment Limited. HIT and the HIT logo are trademarks of HIT Entertainment Limited.",,"product_name: THOMAS & FRIENDS 2 Pack Adaptive T-Shirts Sensory Friendly Toddler Sizes (2T – 5T)
full_description: Journey to the island of Sodor and get ready for an adventure with your kid’s favorite blue steam engine in these cute and comfy Thomas and Friends sensory friendly tshirts! This adorable pack of 2 adaptive short sleeve shirts is designed to be comfortable for kids with sensory processing disorder and sensitive skin with flat seams, a wider neck opening and hem, and a tag free design. Made of soft 100% cotton for all-day comfort, these stylish Thomas and Friends sensory friendly tees feature vibrant artwork of Thomas the Tank Engine and his friend Percy that your train enthusiast will be excited to wear! (c) 2024 HIT Entertainment Limited. HIT and the HIT logo are trademarks of HIT Entertainment Limited.",Unknown,Unknown,Unknown,Unknown,Unknown,Unknown,,,,,,,,unlabeled,
49,54cd5b28eafd,sensoryfair.com,,Women’s Easy Touch Adaptive Side Closure Pants,https://sensoryfair.com/product/womens-easy-touch-adaptive-side-closure-pants/,,Easy Access Dressing – Terrific for Lowered Hand Dexterity Front Fold-Down Panel – Allows for Easy Slip-On Comfort Easy Closure – Secured with Adjustable Easy Touch Closures Elastic Waist – Stretchy for Enhanced Comfort Convenient Side Pockets – Handy Flap Pocket on Each Side These Adaptive Clothing Side Opening Fleece Pants for women with Easy Access have adaptive easy-on convenience! These sweatpants are great for those with arthritis or lowered hand dexterity. The Side fastening adjustable strips and front fold down panel give complete convenience. Silverts Easy Touch Closures helps daily tasks such as dressing and undressing whether is it assisted dressing or independent dressing . The back elasticized waistband and side flap pockets are additionally handy. This adaptive clothing track or sweat pant is terrific for elderly/seniors who suffer from arthritis or are disabled or wheelchair dependent. Made of comfortable quality fleece. Polyester-cotton-spandex fleece also known as sweat pant material.,,"product_name: Women’s Easy Touch Adaptive Side Closure Pants
full_description: Easy Access Dressing – Terrific for Lowered Hand Dexterity Front Fold-Down Panel – Allows for Easy Slip-On Comfort Easy Closure – Secured with Adjustable Easy Touch Closures Elastic Waist – Stretchy for Enhanced Comfort Convenient Side Pockets – Handy Flap Pocket on Each Side These Adaptive Clothing Side Opening Fleece Pants for women with Easy Access have adaptive easy-on convenience! These sweatpants are great for those with arthritis or lowered hand dexterity. The Side fastening adjustable strips and front fold down panel give complete convenience. Silverts Easy Touch Closures helps daily tasks such as dressing and undressing whether is it assisted dressing or independent dressing . The back elasticized waistband and side flap pockets are additionally handy. This adaptive clothing track or sweat pant is terrific for elderly/seniors who suffer from arthritis or are disabled or wheelchair dependent. Made of comfortable quality fleece. Polyester-cotton-spandex fleece also known as sweat pant material.",Unknown,Unknown,Unknown,Unknown,Unknown,Unknown,,,,,,,,unlabeled,
50,5215c729e0ca,sensoryfair.com,,Women’s Open Back Adaptive Active Crew Neck Top for Seniors – 3/4 Long Sleeve Shirt,https://sensoryfair.com/product/womens-open-back-adaptive-active-crew-neck-top-for-seniors-3-4-long-sleeve-shirt/,,,,product_name: Women’s Open Back Adaptive Active Crew Neck Top for Seniors – 3/4 Long Sleeve Shirt,Unknown,Unknown,Unknown,Unknown,Unknown,Unknown,,,,,,,,unlabeled,
51,75b5e0804754,sensoryfair.com,,Women’s Open-Back Adaptive Long Sleeve Embellished Top,https://sensoryfair.com/product/womens-open-back-adaptive-long-sleeve-embellished-top/,,,,product_name: Women’s Open-Back Adaptive Long Sleeve Embellished Top,Unknown,Unknown,Unknown,Unknown,Unknown,Unknown,,,,,,,,unlabeled,
52,0c48f287ac32,sensoryfair.com,,Women’s Self Dressing Open-Back Adaptive Soft Knit Pant,https://sensoryfair.com/product/womens-self-dressing-open-back-adaptive-soft-knit-pant/,,,,product_name: Women’s Self Dressing Open-Back Adaptive Soft Knit Pant,Unknown,Unknown,Unknown,Unknown,Unknown,Unknown,,,,,,,,unlabeled,